Source Name,ALUMINIUM,BRENT OIL,COPPER,GOLD,HENRY HUB,NICKEL,PLATINUM,SILVER,THERMAL COAL,WTI OIL,ZINC
BMO,1851.8830023120001,64.3,6150.897114822001,1332.0,2.71,11971.100836374,868.0,15.54,98.6,55.7,2645.54714616
BOAML,1969.0,67.0,6040.665983732001,1396.0,2.73,14153.677231956,868.0,16.07,78.5,57.0,2535.31601507
CITIGROUP,1785.0,70.0,5920.0,1375.0,2.5,13005.0,860.0,15.8,83.0,62.0,2495.0
COMMONWEALTH BANK,1807.7905498760001,63.0,5930.434852642,1417.0,2.58,12544.302718042,838.0,16.0,79.0,56.0,2491.2235626340002
DEUTSCHE BANK,1790.1535689016,67.5,6371.359377002,1358.0,2.51,11779.2986682774,842.0,16.2,80.5,59.2,2528.7021472046004
GOLDMAN SACHS,1828.0,64.0,6258.0,1379.0,2.81,12405.0,849.0,15.78,81.0,58.07,2613.0
JP MORGAN,1829.836776094,65.0,6084.758436168,1363.0,2.53,12544.302718042001,880.0,15.3,79.0,58.0,2566.0
TD SECURITIES,1861.0,67.0,6150.897114822001,1351.0,2.77,11375.852728488002,868.0,15.84,88.0,58.0,2667.593372378
